feature,importance
NONLIVINGAPARTMENTS_MODE,0.6749958517745496
APARTMENTS_MEDI,0.43664679710663534
NONLIVINGAREA_MODE,0.28144396684626033
CLOSED_DAYS_CREDIT_VAR,0.14923074550351886
YEARS_BEGINEXPLUATATION_AVG,0.09207373986808012
BURO_CREDIT_ACTIVE_Bad_debt_MEAN,0.08000017279010337
CC_MONTHS_BALANCE_SUM,0.0796698310077171
CC_AMT_INST_MIN_REGULARITY_VAR,0.07924864731292008
CC_AMT_DRAWINGS_CURRENT_MAX,0.07792460523072577
LIVE_CITY_NOT_WORK_CITY,0.07592524227149583
LANDAREA_AVG,0.07388183403580056
REFUSED_DAYS_DECISION_MAX,0.07076267418128233
ENTRANCES_AVG,0.06730645617527657
CC_AMT_DRAWINGS_OTHER_CURRENT_MAX,0.06240345440947648
YEARS_BUILD_AVG,0.05721838882731109
CC_CNT_DRAWINGS_ATM_CURRENT_VAR,0.05581231243386839
CC_SK_DPD_DEF_MIN,0.05441039796011256
PREV_NAME_CASH_LOAN_PURPOSE_Furniture_MEAN,0.05297796591478074
WEEKDAY_APPR_PROCESS_START_FRIDAY,0.052683978283391136
ELEVATORS_AVG,0.05033025709623841
CC_NAME_CONTRACT_STATUS_Sent_proposal_MAX,0.049495541406113654
CLOSED_CREDIT_DAY_OVERDUE_MAX,0.04548226572387544
BURO_CREDIT_ACTIVE_Active_MEAN,0.043369814857461296
POS_NAME_CONTRACT_STATUS_Approved_MEAN,0.04305544943892891
EXT_SOURCE_1,0.041678739365789176
BURO_CREDIT_TYPE_Loan_for_purchase_of_shares_margin_lending_MEAN,0.03938850250056847
BURO_MONTHS_BALANCE_MAX_MAX,0.03794766403926302
APPROVED_AMT_CREDIT_MIN,0.037482053846851014
BASEMENTAREA_AVG,0.03737476733077071
POS_MONTHS_BALANCE_MAX,0.03699862851207539
BURO_STATUS_5_MEAN_MEAN,0.03629562514020666
INSTAL_DBD_MEAN,0.03621071408330536
PREV_AMT_APPLICATION_MIN,0.035508308517347965
POS_NAME_CONTRACT_STATUS_nan_MEAN,0.03518566611721566
NAME_HOUSING_TYPE_House_apartment,0.03484228105400568
CC_SK_DPD_SUM,0.03370490163583583
CC_AMT_DRAWINGS_CURRENT_MEAN,0.03369071739363236
OCCUPATION_TYPE_Realty_agents,0.03363643417397356
CC_NAME_CONTRACT_STATUS_Active_MIN,0.03338806108710466
PREV_WEEKDAY_APPR_PROCESS_START_SUNDAY_MEAN,0.031152035195611022
COMMONAREA_MODE,0.030505062233224613
BURO_CREDIT_TYPE_Cash_loan_non-earmarked_MEAN,0.029474056753844638
COMMONAREA_AVG,0.02910235730348336
CC_CNT_DRAWINGS_CURRENT_MIN,0.0289580481938854
ACTIVE_AMT_ANNUITY_MAX,0.028813482269219967
PREV_NAME_CLIENT_TYPE_Repeater_MEAN,0.028354992991584664
BURO_CREDIT_CURRENCY_currency_3_MEAN,0.02824452649370846
CLOSED_AMT_CREDIT_SUM_DEBT_MEAN,0.02784845679069105
FLOORSMIN_AVG,0.02713330525798419
APPROVED_AMT_APPLICATION_MEAN,0.02704900488017397
CC_AMT_INST_MIN_REGULARITY_SUM,0.027021486684448027
CLOSED_DAYS_CREDIT_ENDDATE_MEAN,0.026984004758229724
POS_NAME_CONTRACT_STATUS_Active_MEAN,0.0267862532369096
CC_AMT_CREDIT_LIMIT_ACTUAL_MEAN,0.02603356453981374
PREV_DAYS_DECISION_MIN,0.02589111873430724
CC_AMT_DRAWINGS_CURRENT_MIN,0.024849130901770766
INSTAL_PAYMENT_DIFF_MAX,0.024363437529529807
PREV_AMT_CREDIT_MAX,0.024232202368707222
CC_AMT_PAYMENT_CURRENT_VAR,0.023901290253032476
CLOSED_DAYS_CREDIT_UPDATE_MEAN,0.02380229816369541
COMMONAREA_MEDI,0.02302909860550473
PREV_WEEKDAY_APPR_PROCESS_START_THURSDAY_MEAN,0.022517666630340206
CC_CNT_DRAWINGS_ATM_CURRENT_MEAN,0.02205367985643355
REFUSED_APP_CREDIT_PERC_VAR,0.02183175351319651
PREV_AMT_ANNUITY_MIN,0.021597633136244923
CC_CNT_DRAWINGS_POS_CURRENT_VAR,0.020478101976137832
CC_AMT_DRAWINGS_CURRENT_VAR,0.0204230595313665
CC_AMT_DRAWINGS_OTHER_CURRENT_SUM,0.01960858519298339
FLAG_DOCUMENT_14,0.019272586567532946
CC_CNT_DRAWINGS_OTHER_CURRENT_VAR,0.01851019918764553
BURO_CREDIT_ACTIVE_Sold_MEAN,0.01850185342451313
PREV_AMT_DOWN_PAYMENT_MAX,0.018454789450501753
REFUSED_AMT_ANNUITY_MIN,0.018244185529977502
BURO_STATUS_1_MEAN_MEAN,0.01783784706041406
OCCUPATION_TYPE_Security_staff,0.017808080788381336
INSTAL_AMT_INSTALMENT_MEAN,0.017176255100798597
NAME_FAMILY_STATUS_Widow,0.017166058244877432
POS_SK_DPD_MEAN,0.017093206103940252
CLOSED_AMT_CREDIT_SUM_OVERDUE_MEAN,0.017062117820858796
PREV_WEEKDAY_APPR_PROCESS_START_SATURDAY_MEAN,0.016745595287547942
YEARS_BUILD_MEDI,0.016671038932830545
CC_AMT_DRAWINGS_ATM_CURRENT_MIN,0.01663893387629893
CC_AMT_DRAWINGS_ATM_CURRENT_SUM,0.016511069951523686
CODE_GENDER,0.01641358853404449
REFUSED_APP_CREDIT_PERC_MAX,0.016281605670137908
BURO_CREDIT_CURRENCY_currency_1_MEAN,0.016226005122602884
FLOORSMAX_AVG,0.016179825699112475
CC_AMT_INST_MIN_REGULARITY_MEAN,0.016112062821047813
NAME_TYPE_SUITE_Children,0.016111286226702947
BURO_CREDIT_TYPE_Interbank_credit_MEAN,0.015592194365560474
LANDAREA_MODE,0.015509717528526075
PREV_WEEKDAY_APPR_PROCESS_START_TUESDAY_MEAN,0.015505066101862135
CC_AMT_BALANCE_VAR,0.01512998174721732
LIVINGAREA_MEDI,0.014849018610333463
INSTAL_PAYMENT_PERC_SUM,0.014790319707219059
CC_AMT_BALANCE_SUM,0.014786298560570328
CLOSED_AMT_CREDIT_SUM_MEAN,0.014547552730630924
CC_AMT_BALANCE_MAX,0.013997424882626891
NONLIVINGAPARTMENTS_MEDI,0.013964745132998481
PREV_CNT_PAYMENT_SUM,0.013928194487032782
BURO_CREDIT_ACTIVE_nan_MEAN,0.013635201896959836
PREV_NAME_CONTRACT_TYPE_Consumer_loans_MEAN,0.013612476336913754
CC_NAME_CONTRACT_STATUS_Completed_MEAN,0.013461846037715242
PREV_DAYS_DECISION_MEAN,0.013403084206974593
PREV_AMT_DOWN_PAYMENT_MEAN,0.013386006536876023
BURO_MONTHS_BALANCE_SIZE_MEAN,0.013257020674157169
WALLSMATERIAL_MODE_Wooden,0.01323119999999517
NAME_TYPE_SUITE_Family,0.01315431726507342
FLAG_DOCUMENT_12,0.013074708793049911
APPROVED_AMT_GOODS_PRICE_MAX,0.013046023813908807
ORGANIZATION_TYPE_Police,0.012986786063134748
NAME_CONTRACT_TYPE_Cash_loans,0.01298471802302715
REFUSED_DAYS_DECISION_MEAN,0.012893108410329845
POS_NAME_CONTRACT_STATUS_Signed_MEAN,0.012882565938603137
BURO_CREDIT_TYPE_Credit_card_MEAN,0.012856877453842945
OCCUPATION_TYPE_Medicine_staff,0.012816758674033996
NONLIVINGAPARTMENTS_AVG,0.012393193334188236
CC_AMT_CREDIT_LIMIT_ACTUAL_SUM,0.012313821616510354
PREV_FLAG_LAST_APPL_PER_CONTRACT_Y_MEAN,0.012232310659667794
CC_CNT_DRAWINGS_ATM_CURRENT_SUM,0.012104062702069101
APARTMENTS_MODE,0.011850277093146804
PREV_AMT_DOWN_PAYMENT_MIN,0.011802364500496113
ORGANIZATION_TYPE_Culture,0.011795642078019152
CLOSED_CREDIT_DAY_OVERDUE_MEAN,0.011682134859427795
CC_SK_DPD_VAR,0.011633051839623487
CC_SK_DPD_DEF_VAR,0.011603949455918708
CLOSED_AMT_CREDIT_SUM_LIMIT_MEAN,0.011551375443016347
POS_NAME_CONTRACT_STATUS_XNA_MEAN,0.011531183679215108
PREV_NAME_CASH_LOAN_PURPOSE_Buying_a_garage_MEAN,0.011519036183400834
REFUSED_AMT_APPLICATION_MIN,0.011367853814385986
PREV_NAME_CASH_LOAN_PURPOSE_Education_MEAN,0.011354323913331344
CC_AMT_BALANCE_MEAN,0.011266143065373251
REFUSED_RATE_DOWN_PAYMENT_MAX,0.011212549580281752
NAME_INCOME_TYPE_Businessman,0.011148253723197941
CLOSED_DAYS_CREDIT_ENDDATE_MIN,0.01112050426203826
INSTAL_AMT_INSTALMENT_MAX,0.011075268214831117
BURO_CREDIT_CURRENCY_nan_MEAN,0.011026224833664078
ORGANIZATION_TYPE_Insurance,0.0109374297876919
CC_AMT_DRAWINGS_CURRENT_SUM,0.010924629386205562
BURO_AMT_CREDIT_SUM_LIMIT_SUM,0.010873481121075683
CLOSED_AMT_CREDIT_SUM_SUM,0.010857152525816054
BURO_CREDIT_TYPE_Consumer_credit_MEAN,0.010744530069894266
DEF_30_CNT_SOCIAL_CIRCLE,0.010681540362750503
CC_AMT_DRAWINGS_OTHER_CURRENT_VAR,0.010675629894981869
APARTMENTS_AVG,0.010624625485494333
PREV_NAME_CLIENT_TYPE_New_MEAN,0.010617965847721638
PREV_NAME_GOODS_CATEGORY_Sport_and_Leisure_MEAN,0.010549160863965958
REFUSED_CNT_PAYMENT_MEAN,0.01040869759319102
OBS_60_CNT_SOCIAL_CIRCLE,0.01040790182121868
FLAG_DOCUMENT_13,0.010151366109044678
CC_SK_DPD_DEF_SUM,0.010138389437626356
ELEVATORS_MODE,0.0100834124207913
PREV_NAME_CASH_LOAN_PURPOSE_Buying_a_holiday_home_land_MEAN,0.010019302823386471
APPROVED_HOUR_APPR_PROCESS_START_MEAN,0.010005710601027928
PREV_NAME_YIELD_GROUP_middle_MEAN,0.009957486908720106
APPROVED_AMT_GOODS_PRICE_MEAN,0.009712557393143606
CC_AMT_CREDIT_LIMIT_ACTUAL_MAX,0.009619957726284562
APPROVED_AMT_CREDIT_MAX,0.009569308309634301
INSTAL_PAYMENT_DIFF_VAR,0.00956212126791833
REFUSED_AMT_ANNUITY_MAX,0.009483940230468117
POS_COUNT,0.00945978326660324
AMT_REQ_CREDIT_BUREAU_QRT,0.009322075669037137
CC_AMT_TOTAL_RECEIVABLE_VAR,0.009261101291098884
CC_AMT_BALANCE_MIN,0.009173900793768348
PREV_NAME_CASH_LOAN_PURPOSE_Urgent_needs_MEAN,0.008919739095757403
BURO_CREDIT_ACTIVE_Closed_MEAN,0.008880044664064028
CC_AMT_DRAWINGS_ATM_CURRENT_MEAN,0.008863656467670232
ORGANIZATION_TYPE_Industry_type_6,0.008824262512129958
ACTIVE_CREDIT_DAY_OVERDUE_MAX,0.008767157166294238
REFUSED_AMT_GOODS_PRICE_MEAN,0.008650126803940235
ORGANIZATION_TYPE_Construction,0.008560727304711318
ELEVATORS_MEDI,0.008535658256388228
REFUSED_AMT_APPLICATION_MAX,0.008520243972552619
BURO_STATUS_2_MEAN_MEAN,0.008356410905115942
CC_CNT_DRAWINGS_CURRENT_VAR,0.00832214699126686
BURO_CREDIT_CURRENCY_currency_4_MEAN,0.008293951640297387
PREV_NAME_CASH_LOAN_PURPOSE_Car_repairs_MEAN,0.008230934699122772
REFUSED_RATE_DOWN_PAYMENT_MEAN,0.008207651936264847
CLOSED_AMT_CREDIT_SUM_DEBT_SUM,0.008172708401748446
CC_AMT_DRAWINGS_POS_CURRENT_SUM,0.008043237860244787
REFUSED_APP_CREDIT_PERC_MIN,0.007974365056535615
INSTAL_DBD_MAX,0.007945568615408478
ACTIVE_AMT_CREDIT_SUM_DEBT_SUM,0.007931475958199761
REFUSED_HOUR_APPR_PROCESS_START_MAX,0.00791788157013519
AMT_REQ_CREDIT_BUREAU_DAY,0.007860520786238369
BURO_CREDIT_CURRENCY_currency_2_MEAN,0.007852591860417648
FLAG_DOCUMENT_4,0.007798410691740423
BASEMENTAREA_MEDI,0.0077959165694978785
APPROVED_CNT_PAYMENT_SUM,0.007795094854490935
PREV_AMT_APPLICATION_MAX,0.007771923917032189
PREV_NAME_CASH_LOAN_PURPOSE_Buying_a_home_MEAN,0.007738740683933443
PREV_WEEKDAY_APPR_PROCESS_START_MONDAY_MEAN,0.007640378386048751
POS_NAME_CONTRACT_STATUS_Amortized_debt_MEAN,0.007583056607350146
REFUSED_AMT_CREDIT_MEAN,0.007542901511102479
BURO_CREDIT_TYPE_Microloan_MEAN,0.007530529441849605
BURO_MONTHS_BALANCE_SIZE_SUM,0.007420207217215929
CLOSED_CNT_CREDIT_PROLONG_SUM,0.007409740598428207
CLOSED_MONTHS_BALANCE_SIZE_MEAN,0.007385815953105047
CC_AMT_DRAWINGS_ATM_CURRENT_VAR,0.007378484588145215
PREV_NAME_CASH_LOAN_PURPOSE_Gasification_water_supply_MEAN,0.007123582947654338
CLOSED_AMT_CREDIT_SUM_DEBT_MAX,0.007108126582018607
ACTIVE_AMT_CREDIT_SUM_DEBT_MAX,0.007036930046394958
OCCUPATION_TYPE_Laborers,0.007011717654863827
CC_AMT_CREDIT_LIMIT_ACTUAL_MIN,0.00693525462996932
CC_MONTHS_BALANCE_MEAN,0.006706111683141443
CC_AMT_DRAWINGS_POS_CURRENT_VAR,0.006671265231124424
PREV_NAME_GOODS_CATEGORY_Other_MEAN,0.0066535133282362114
PREV_WEEKDAY_APPR_PROCESS_START_FRIDAY_MEAN,0.006591999833638002
FLAG_DOCUMENT_9,0.006540381153062218
INSTAL_DBD_SUM,0.006504872968176872
CLOSED_AMT_ANNUITY_MAX,0.006460081851917957
POS_SK_DPD_DEF_MEAN,0.006427116234540508
ACTIVE_DAYS_CREDIT_ENDDATE_MAX,0.006273040241472005
ACTIVE_DAYS_CREDIT_UPDATE_MEAN,0.006195666794346227
PREV_PRODUCT_COMBINATION_Cash_Street_low_MEAN,0.006193330283188427
OBS_30_CNT_SOCIAL_CIRCLE,0.006164280146053851
CLOSED_DAYS_CREDIT_MEAN,0.006160208991826519
APPROVED_AMT_DOWN_PAYMENT_MAX,0.006072706242823058
PREV_NAME_CASH_LOAN_PURPOSE_Everyday_expenses_MEAN,0.006050352726007854
INSTAL_PAYMENT_PERC_VAR,0.006045208685027211
NAME_HOUSING_TYPE_Co-op_apartment,0.006012740818336388
REFUSED_AMT_DOWN_PAYMENT_MAX,0.005979871522635944
AMT_REQ_CREDIT_BUREAU_HOUR,0.005914699681628871
INSTAL_NUM_INSTALMENT_VERSION_NUNIQUE,0.005879075439852237
PREV_AMT_CREDIT_MEAN,0.005840266304737294
ORGANIZATION_TYPE_Hotel,0.005798627227317048
REFUSED_DAYS_DECISION_MIN,0.005791310061459327
LIVINGAPARTMENTS_MEDI,0.005782196207646626
ORGANIZATION_TYPE_Realtor,0.005755528675646219
CC_NAME_CONTRACT_STATUS_Sent_proposal_MEAN,0.005750428527098573
PREV_RATE_DOWN_PAYMENT_MAX,0.005746309439505238
WALLSMATERIAL_MODE_Others,0.005716312395540097
ACTIVE_MONTHS_BALANCE_SIZE_SUM,0.005702246778182444
DEF_60_CNT_SOCIAL_CIRCLE,0.005682656577366394
PREV_NAME_CONTRACT_TYPE_Cash_loans_MEAN,0.005604091734575517
APPROVED_AMT_GOODS_PRICE_MIN,0.0055668246844501135
PREV_AMT_CREDIT_MIN,0.0055632113444136645
APPROVED_CNT_PAYMENT_MEAN,0.005547026913446372
CC_AMT_PAYMENT_CURRENT_MEAN,0.005542847374813329
BURO_CREDIT_TYPE_Loan_for_business_development_MEAN,0.005533971311543809
BURO_STATUS_3_MEAN_MEAN,0.005513689621156413
FLAG_DOCUMENT_8,0.005417779620809078
PREV_NAME_CASH_LOAN_PURPOSE_Payments_on_other_loans_MEAN,0.005390011386454709
PREV_AMT_APPLICATION_MEAN,0.005350806281854907
PREV_NAME_SELLER_INDUSTRY_nan_MEAN,0.005275600315251808
APPROVED_AMT_CREDIT_MEAN,0.005264321842244072
PREV_WEEKDAY_APPR_PROCESS_START_nan_MEAN,0.005256547514746552
CLOSED_DAYS_CREDIT_MIN,0.0052343151953812336
POS_SK_DPD_DEF_MAX,0.005209683113033697
PREV_NAME_CASH_LOAN_PURPOSE_Buying_a_new_car_MEAN,0.00519769711197455
PREV_NAME_GOODS_CATEGORY_Jewelry_MEAN,0.005190298515793428
BURO_CREDIT_TYPE_Loan_for_the_purchase_of_equipment_MEAN,0.005175499793336805
ORGANIZATION_TYPE_Business_Entity_Type_2,0.00505075582426581
BURO_CREDIT_TYPE_Mobile_operator_loan_MEAN,0.005013932830947548
CLOSED_DAYS_CREDIT_ENDDATE_MAX,0.005010029698185525
PREV_NAME_GOODS_CATEGORY_Gardening_MEAN,0.004944141444623541
PREV_AMT_ANNUITY_MEAN,0.004899721502609421
PREV_NAME_GOODS_CATEGORY_Additional_Service_MEAN,0.004898425255801859
CC_AMT_PAYMENT_CURRENT_SUM,0.00489263005549345
FLAG_DOCUMENT_21,0.004874771897398661
CC_AMT_RECEIVABLE_PRINCIPAL_MIN,0.004797224109292406
FLAG_DOCUMENT_19,0.004776249050169059
CC_CNT_DRAWINGS_CURRENT_MEAN,0.00474986267471885
PREV_PRODUCT_COMBINATION_Cash_Street_high_MEAN,0.004708768915875249
PREV_NAME_SELLER_INDUSTRY_Tourism_MEAN,0.004675510985683775
DAYS_BIRTH_encoded_803,0.004617120441498019
PREV_PRODUCT_COMBINATION_Cash_X-Sell_high_MEAN,0.00458774825388858
REFUSED_AMT_CREDIT_MAX,0.0044630182095352685
LANDAREA_MEDI,0.004436849563038811
DAYS_LAST_PHONE_CHANGE,0.004342940697867867
PREV_NAME_CASH_LOAN_PURPOSE_Building_a_house_or_an_annex_MEAN,0.0042324804884960295
CC_SK_DPD_DEF_MEAN,0.004217184813705161
PREV_NAME_CASH_LOAN_PURPOSE_XAP_MEAN,0.004210356039313649
PREV_NAME_CONTRACT_TYPE_XNA_MEAN,0.004134380766894332
APPROVED_HOUR_APPR_PROCESS_START_MAX,0.004128205057666689
REFUSED_CNT_PAYMENT_SUM,0.004053436072124506
PREV_NAME_GOODS_CATEGORY_Photo_Cinema_Equipment_MEAN,0.003909320740216671
PREV_CHANNEL_TYPE_AP_Cash_loan_MEAN,0.003906448903218444
PREV_APP_CREDIT_PERC_MIN,0.003871898262896715
PREV_RATE_DOWN_PAYMENT_MIN,0.0037511330802979543
PREV_PRODUCT_COMBINATION_POS_mobile_without_interest_MEAN,0.003721106735140022
CC_AMT_DRAWINGS_ATM_CURRENT_MAX,0.0037002945925758302
REFUSED_HOUR_APPR_PROCESS_START_MIN,0.0036822881641595012
CC_AMT_DRAWINGS_POS_CURRENT_MAX,0.003650990920288558
CLOSED_AMT_ANNUITY_MEAN,0.0036129927586028895
PREV_NAME_CONTRACT_TYPE_nan_MEAN,0.003608276349611371
FONDKAPREMONT_MODE_reg_oper_account,0.0035714198862212454
BURO_CREDIT_TYPE_nan_MEAN,0.0035417375196812846
REFUSED_AMT_GOODS_PRICE_MAX,0.0035045100471463916
CC_AMT_PAYMENT_TOTAL_CURRENT_MEAN,0.0034882429334482422
INSTAL_AMT_PAYMENT_MEAN,0.003484421800331671
CC_AMT_DRAWINGS_OTHER_CURRENT_MIN,0.003477059533172511
FLOORSMIN_MEDI,0.0034742895851488185
PREV_NAME_YIELD_GROUP_XNA_MEAN,0.00346400062462418
PREV_NAME_CASH_LOAN_PURPOSE_Buying_a_used_car_MEAN,0.003433563931852709
PREV_NAME_CLIENT_TYPE_Refreshed_MEAN,0.003416936235009409
YEARS_BEGINEXPLUATATION_MEDI,0.003370342717240728
REFUSED_AMT_ANNUITY_MEAN,0.00335097332368478
APPROVED_AMT_APPLICATION_MAX,0.0033130797257617433
CC_AMT_DRAWINGS_POS_CURRENT_MEAN,0.003303603830726079
REFUSED_AMT_DOWN_PAYMENT_MIN,0.0032488834448515884
PREV_PRODUCT_COMBINATION_Card_X-Sell_MEAN,0.0032144165356869907
PREV_NAME_GOODS_CATEGORY_Vehicles_MEAN,0.00320909664965186
PREV_WEEKDAY_APPR_PROCESS_START_WEDNESDAY_MEAN,0.0031391502191647994
REFUSED_AMT_APPLICATION_MEAN,0.0031164211711755714
PREV_CNT_PAYMENT_MEAN,0.0030979756759320336
BURO_CREDIT_TYPE_Mortgage_MEAN,0.0030336234003237946
PREV_PRODUCT_COMBINATION_Cash_X-Sell_middle_MEAN,0.0030296868343460165
PREV_FLAG_LAST_APPL_PER_CONTRACT_N_MEAN,0.0030173564937358327
CC_MONTHS_BALANCE_MAX,0.0028916409209960047
PREV_FLAG_LAST_APPL_PER_CONTRACT_nan_MEAN,0.0028869894253049444
CC_CNT_DRAWINGS_POS_CURRENT_MIN,0.0027880996337431613
PREV_NAME_CASH_LOAN_PURPOSE_Repairs_MEAN,0.0027700483480262057
CC_CNT_DRAWINGS_CURRENT_SUM,0.0027632254962416773
PREV_PRODUCT_COMBINATION_Cash_Street_middle_MEAN,0.002748982624914108
ORGANIZATION_TYPE_Emergency,0.0027211363787080305
REFUSED_AMT_CREDIT_MIN,0.0026970146408088697
FLAG_DOCUMENT_15,0.0025887299383002445
LIVINGAREA_AVG,0.0025834772642402293
BURO_CREDIT_TYPE_Real_estate_loan_MEAN,0.002547675748571449
APPROVED_AMT_DOWN_PAYMENT_MIN,0.0025373217814184
CLOSED_MONTHS_BALANCE_MIN_MIN,0.0025171518408827875
ORGANIZATION_TYPE_Industry_type_7,0.002484786976371823
ORGANIZATION_TYPE_Industry_type_13,0.0024404298679356535
REFUSED_RATE_DOWN_PAYMENT_MIN,0.0024066988621265035
FLAG_DOCUMENT_7,0.002405612468405369
INSTAL_PAYMENT_PERC_MEAN,0.002403773173183537
REFUSED_AMT_GOODS_PRICE_MIN,0.002403378164436759
CC_AMT_INST_MIN_REGULARITY_MIN,0.0023320122512925563
PREV_NAME_YIELD_GROUP_nan_MEAN,0.0023051685720876934
PREV_NAME_YIELD_GROUP_low_normal_MEAN,0.0023004273833671478
PREV_PRODUCT_COMBINATION_POS_industry_without_interest_MEAN,0.002271254972584934
PREV_NAME_GOODS_CATEGORY_Auto_Accessories_MEAN,0.002257414996917509
PREV_NAME_CASH_LOAN_PURPOSE_Purchase_of_electronic_equipment_MEAN,0.0022491427710722906
CC_MONTHS_BALANCE_VAR,0.002232545111842957
CC_AMT_PAYMENT_TOTAL_CURRENT_MIN,0.0020948985989396878
POS_MONTHS_BALANCE_MEAN,0.0020755430367878414
ORGANIZATION_TYPE_Transport_type_4,0.0020163645165411272
FLAG_OWN_REALTY,0.0020124329840952872
PREV_NAME_PRODUCT_TYPE_XNA_MEAN,0.001969005831035788
PREV_NAME_GOODS_CATEGORY_Direct_Sales_MEAN,0.001950791186113021
CC_CNT_DRAWINGS_OTHER_CURRENT_MIN,0.0019167864671849062
PREV_NAME_SELLER_INDUSTRY_Connectivity_MEAN,0.0019116241158318127
PREV_PRODUCT_COMBINATION_POS_other_with_interest_MEAN,0.0019068355685863245
INSTAL_PAYMENT_PERC_MAX,0.001872596797103735
FLAG_OWN_CAR,0.0018539796966247676
CC_NAME_CONTRACT_STATUS_Refused_SUM,0.0018530454416871931
REFUSED_HOUR_APPR_PROCESS_START_MEAN,0.0018435528249011706
PREV_NAME_CASH_LOAN_PURPOSE_Hobby_MEAN,0.0018385032480140865
ORGANIZATION_TYPE_Agriculture,0.0018209235225996653
CC_AMT_INST_MIN_REGULARITY_MAX,0.0018131692376072317
PREV_NAME_PORTFOLIO_Cars_MEAN,0.0018013090057007793
NAME_CONTRACT_TYPE_Revolving_loans,0.001732762667108979
ACTIVE_AMT_ANNUITY_MEAN,0.0017251420391402141
CC_NAME_CONTRACT_STATUS_Completed_VAR,0.0017127649845562894
BURO_DAYS_CREDIT_ENDDATE_MIN,0.0016951568747942038
FONDKAPREMONT_MODE_not_specified,0.0016495951529677028
CC_AMT_CREDIT_LIMIT_ACTUAL_VAR,0.001637625775747735
INSTAL_DPD_MAX,0.0016188143879937342
FLAG_DOCUMENT_18,0.0016165305326493087
CC_NAME_CONTRACT_STATUS_Approved_MEAN,0.001607383184264793
CC_NAME_CONTRACT_STATUS_Demand_MIN,0.0015956197192549728
INSTAL_DPD_MEAN,0.0015955319616528906
FLAG_DOCUMENT_16,0.001587452731341464
PREV_NAME_GOODS_CATEGORY_Education_MEAN,0.0015521333651708396
PREV_NAME_GOODS_CATEGORY_Insurance_MEAN,0.0015355928397228955
PREV_NAME_GOODS_CATEGORY_Tourism_MEAN,0.0015244698245839047
CC_CNT_INSTALMENT_MATURE_CUM_VAR,0.001522073379563667
CC_NAME_CONTRACT_STATUS_Completed_MIN,0.00149763808286287
APPROVED_AMT_ANNUITY_MEAN,0.0014953453596854404
AMT_REQ_CREDIT_BUREAU_YEAR,0.0014612177525627238
APPROVED_RATE_DOWN_PAYMENT_MAX,0.0014513389084887095
YEARS_BUILD_MODE,0.0014464807927911038
PREV_NAME_PORTFOLIO_XNA_MEAN,0.0014450792068998015
TOTALAREA_MODE,0.0014351630711011837
ENTRANCES_MEDI,0.0014256990274834286
CC_AMT_PAYMENT_TOTAL_CURRENT_VAR,0.0014017804113753399
PREV_NAME_GOODS_CATEGORY_Construction_Materials_MEAN,0.001400375967696387
PREV_NAME_GOODS_CATEGORY_Office_Appliances_MEAN,0.0013993326602520506
CC_AMT_PAYMENT_TOTAL_CURRENT_SUM,0.0013938305309679736
CC_CNT_DRAWINGS_POS_CURRENT_MEAN,0.0013709488035552363
POS_MONTHS_BALANCE_SIZE,0.0012298852784404838
CC_CNT_DRAWINGS_OTHER_CURRENT_SUM,0.0012297023801882748
CC_AMT_TOTAL_RECEIVABLE_MEAN,0.001223469850946788
INSTAL_DAYS_ENTRY_PAYMENT_MAX,0.0012146362417438411
PREV_NAME_CASH_LOAN_PURPOSE_Refusal_to_name_the_goal_MEAN,0.001184107315309463
CC_AMT_TOTAL_RECEIVABLE_SUM,0.0011833533318421048
PREV_NAME_SELLER_INDUSTRY_Jewelry_MEAN,0.0011830522896840879
PREV_NAME_PORTFOLIO_nan_MEAN,0.0011811272550769905
CC_NAME_CONTRACT_STATUS_Completed_SUM,0.0011696303797794792
INSTAL_DAYS_ENTRY_PAYMENT_MEAN,0.0011674322590766177
PREV_NAME_CONTRACT_TYPE_Revolving_loans_MEAN,0.0011648781704231136
PREV_NAME_GOODS_CATEGORY_Medicine_MEAN,0.0011610611238851664
CC_CNT_DRAWINGS_POS_CURRENT_SUM,0.0011548007700770597
APPROVED_RATE_DOWN_PAYMENT_MIN,0.001145591564420845
APPROVED_HOUR_APPR_PROCESS_START_MIN,0.0011199499458435628
PREV_AMT_ANNUITY_MAX,0.0011182271393526304
NAME_EDUCATION_TYPE_Incomplete_higher,0.0010932377615580516
INSTAL_PAYMENT_DIFF_SUM,0.0010848578041808181
PREV_AMT_GOODS_PRICE_MIN,0.0010810535350057437
AMT_REQ_CREDIT_BUREAU_MON,0.0010719134411662258
CC_AMT_RECIVABLE_MEAN,0.0010604971826381824
PREV_NAME_CASH_LOAN_PURPOSE_Business_development_MEAN,0.0010445011973119246
PREV_NAME_CASH_LOAN_PURPOSE_Wedding_gift_holiday_MEAN,0.001026378279899386
PREV_APP_CREDIT_PERC_VAR,0.0010138949169911206
PREV_PRODUCT_COMBINATION_Cash_X-Sell_low_MEAN,0.0010063180761991036
NONLIVINGAREA_MEDI,0.0009964770544462311
CC_CNT_DRAWINGS_ATM_CURRENT_MIN,0.0009574679468719012
PREV_AMT_GOODS_PRICE_MAX,0.0009425709226454736
PREV_NAME_YIELD_GROUP_high_MEAN,0.0009402061032475601
PREV_PRODUCT_COMBINATION_POS_mobile_with_interest_MEAN,0.0009358235098551343
BURO_STATUS_nan_MEAN_MEAN,0.0009287878007125506
CLOSED_MONTHS_BALANCE_SIZE_SUM,0.0009168998296531742
REFUSED_AMT_DOWN_PAYMENT_MEAN,0.000895683407356143
PREV_NAME_TYPE_SUITE_Unaccompanied_MEAN,0.0008811622043625748
PREV_NAME_GOODS_CATEGORY_Consumer_Electronics_MEAN,0.0008704775621080435
APPROVED_RATE_DOWN_PAYMENT_MEAN,0.0008525801378867388
PREV_CHANNEL_TYPE_nan_MEAN,0.000835655221813265
FLAG_DOCUMENT_10,0.0008211791713142546
AMT_REQ_CREDIT_BUREAU_WEEK,0.0008202630307651746
FLAG_DOCUMENT_11,0.000818880405433886
CC_CNT_DRAWINGS_POS_CURRENT_MAX,0.0007987666162467206
PREV_NAME_PORTFOLIO_POS_MEAN,0.0007796684960226337
PREV_NAME_TYPE_SUITE_Other_A_MEAN,0.0007771232728829316
APPROVED_APP_CREDIT_PERC_VAR,0.0007742752345841316
ACTIVE_DAYS_CREDIT_ENDDATE_MIN,0.0007700471599776497
PREV_NAME_SELLER_INDUSTRY_Construction_MEAN,0.0007619047945065733
FLOORSMAX_MEDI,0.000746838475994591
APPROVED_DAYS_DECISION_MIN,0.000742183703659368
ORGANIZATION_TYPE_Industry_type_10,0.0007384563490066099
ORGANIZATION_TYPE_Industry_type_5,0.0007348973511090171
BURO_STATUS_C_MEAN_MEAN,0.0007211720473777247
CC_AMT_RECEIVABLE_PRINCIPAL_MEAN,0.0006997400486522219
PREV_NAME_CASH_LOAN_PURPOSE_Journey_MEAN,0.0006991137022348963
PREV_CODE_REJECT_REASON_XNA_MEAN,0.0006977582706459756
NAME_EDUCATION_TYPE_Academic_degree,0.0006907195311625842
APPROVED_AMT_DOWN_PAYMENT_MEAN,0.0006754659833163352
POS_NAME_CONTRACT_STATUS_Canceled_MEAN,0.0006600387177108372
CODE_GENDER_encoded_794,0.0006490553236428313
PREV_NAME_TYPE_SUITE_Group_of_people_MEAN,0.0006337700534332206
APPROVED_APP_CREDIT_PERC_MAX,0.0006325399055464216
CC_NAME_CONTRACT_STATUS_Approved_VAR,0.00061781911043871
HOUSETYPE_MODE_specific_housing,0.0006171965143455705
OCCUPATION_TYPE_Cooking_staff,0.00061519192171337
POS_NAME_CONTRACT_STATUS_Returned_to_the_store_MEAN,0.0006069164332528687
CC_AMT_RECIVABLE_SUM,0.0006056270753313695
CC_AMT_PAYMENT_CURRENT_MIN,0.0006046074745207331
CC_CNT_INSTALMENT_MATURE_CUM_MEAN,0.0005684553554077422
BURO_CREDIT_TYPE_Loan_for_working_capital_replenishment_MEAN,0.0005551966848913048
ORGANIZATION_TYPE_Housing,0.0005528310303649754
CLOSED_MONTHS_BALANCE_MAX_MAX,0.0005387163619618914
REFUSED_APP_CREDIT_PERC_MEAN,0.0005200558512735135
CLOSED_AMT_CREDIT_SUM_LIMIT_SUM,0.0005038208887842299
CC_AMT_DRAWINGS_POS_CURRENT_MIN,0.0004953571388362439
CC_NAME_CONTRACT_STATUS_Demand_SUM,0.0004889041169423637
PREV_PRODUCT_COMBINATION_POS_industry_with_interest_MEAN,0.0004811049805283185
CC_CNT_DRAWINGS_ATM_CURRENT_MAX,0.0004732005089697434
FLAG_DOCUMENT_6,0.00046810535178651004
PREV_NAME_CASH_LOAN_PURPOSE_Medicine_MEAN,0.0004645533822275956
PREV_AMT_GOODS_PRICE_MEAN,0.0004616188122103395
NAME_INCOME_TYPE_Pensioner,0.0004504382294898133
YEARS_BEGINEXPLUATATION_MODE,0.00044441661957217654
NAME_FAMILY_STATUS_Separated,0.00043700389891432865
PREV_NAME_SELLER_INDUSTRY_Clothing_MEAN,0.00042715384401814394
ORGANIZATION_TYPE_Bank,0.000424822547974399
CC_NAME_CONTRACT_STATUS_Approved_MAX,0.00042209143356164186
NAME_INCOME_TYPE_Student,0.0004220913444603003
CC_NAME_CONTRACT_STATUS_Approved_SUM,0.0004204851016188782
CC_CNT_DRAWINGS_OTHER_CURRENT_MAX,0.0004131892962953635
CC_NAME_CONTRACT_STATUS_Signed_SUM,0.000411482161721958
BURO_CREDIT_TYPE_Unknown_type_of_loan_MEAN,0.0004103628974794443
APPROVED_APP_CREDIT_PERC_MEAN,0.00041019704825245916
PREV_NAME_TYPE_SUITE_Spouse_partner_MEAN,0.00040509561105794254
INSTAL_PAYMENT_DIFF_MEAN,0.0004022264740213178
PREV_NAME_CLIENT_TYPE_XNA_MEAN,0.0003951100673219778
CC_NAME_CONTRACT_STATUS_Sent_proposal_SUM,0.0003828179403226449
PREV_CHANNEL_TYPE_Stone_MEAN,0.0003776858549030695
OCCUPATION_TYPE_Sales_staff,0.0003769334975935673
POS_NAME_CONTRACT_STATUS_Completed_MEAN,0.0003718379611961723
BASEMENTAREA_MODE,0.0003707111780830436
NAME_FAMILY_STATUS_Unknown,0.00036656167725560604
WEEKDAY_APPR_PROCESS_START_SATURDAY,0.0003521578225455879
PREV_NAME_GOODS_CATEGORY_Mobile_MEAN,0.0003410127791464538
CC_AMT_RECIVABLE_MIN,0.00033965605956246675
CC_SK_DPD_MEAN,0.00032196899097655765
BURO_CNT_CREDIT_PROLONG_SUM,0.00031301429613934744
CC_AMT_TOTAL_RECEIVABLE_MIN,0.00030750026549941764
CC_CNT_DRAWINGS_OTHER_CURRENT_MEAN,0.0003007880994474297
WEEKDAY_APPR_PROCESS_START_WEDNESDAY,0.0002932713157676823
CC_NAME_CONTRACT_STATUS_Completed_MAX,0.0002852614461520885
PREV_NAME_GOODS_CATEGORY_Audio_Video_MEAN,0.0002712506086737074
CC_CNT_INSTALMENT_MATURE_CUM_MIN,0.00025982053880700386
CC_NAME_CONTRACT_STATUS_Active_SUM,0.00024918519929078344
ORGANIZATION_TYPE_Trade_type_5,0.00024679165527414793
APPROVED_DAYS_DECISION_MAX,0.00024564727078151645
NAME_HOUSING_TYPE_Office_apartment,0.00024478878197469454
CC_AMT_TOTAL_RECEIVABLE_MAX,0.00024471266625101287
CC_AMT_PAYMENT_TOTAL_CURRENT_MAX,0.00023805597080885365
BURO_STATUS_0_MEAN_MEAN,0.00022958119163104203
ORGANIZATION_TYPE_Industry_type_1,0.00021648628988148164
ACTIVE_CNT_CREDIT_PROLONG_SUM,0.00021216095401226486
PREV_PRODUCT_COMBINATION_POS_others_without_interest_MEAN,0.00021138738233053144
POS_NAME_CONTRACT_STATUS_Demand_MEAN,0.0002069128298139681
NAME_FAMILY_STATUS_Married,0.00020452541895344897
INSTAL_DPD_SUM,0.00020242521111913658
CC_NAME_CONTRACT_STATUS_Signed_MEAN,0.0002016857072479118
BURO_CREDIT_TYPE_Another_type_of_loan_MEAN,0.00020040965329617163
WALLSMATERIAL_MODE_Block,0.00019495312650942012
OCCUPATION_TYPE_Secretaries,0.0001872082966380561
ORGANIZATION_TYPE_Advertising,0.00018165244439337307
CC_AMT_RECIVABLE_VAR,0.00017891151628956418
WALLSMATERIAL_MODE_Stone_brick,0.00017546582707767856
INSTAL_AMT_PAYMENT_MIN,0.00017045971886457854
PREV_HOUR_APPR_PROCESS_START_MAX,0.0001699597550510085
PREV_NAME_SELLER_INDUSTRY_Furniture_MEAN,0.0001657707051822501
WEEKDAY_APPR_PROCESS_START_THURSDAY,0.00016247136175260294
FONDKAPREMONT_MODE_org_spec_account,0.00016091436599072916
FLAG_DOCUMENT_2,0.00016036636785689927
BURO_MONTHS_BALANCE_MIN_MIN,0.0001590195898390275
CC_AMT_RECEIVABLE_PRINCIPAL_SUM,0.00015609928854685344
CC_NAME_CONTRACT_STATUS_Demand_VAR,0.0001552999338602775
BURO_DAYS_CREDIT_MAX,0.00015261960433226438
EXT_SOURCE_3,0.00014826447849566256
ACTIVE_MONTHS_BALANCE_SIZE_MEAN,0.00013944910560707597
FLOORSMAX_MODE,0.0001274123392303571
ORGANIZATION_TYPE_Industry_type_3,0.0001262609591919268
ACTIVE_MONTHS_BALANCE_MIN_MIN,0.0001259136224871015
PREV_NAME_SELLER_INDUSTRY_Auto_technology_MEAN,0.00012558749676085337
EXT_SOURCE_2,0.00012305307055951957
NAME_FAMILY_STATUS_Single_not_married,0.00012281175088398074
PREV_HOUR_APPR_PROCESS_START_MIN,0.00012164570778368899
OCCUPATION_TYPE_Private_service_staff,0.00012025375086072477
PREV_CODE_REJECT_REASON_LIMIT_MEAN,0.00011985120524902045
ORGANIZATION_TYPE_XNA,0.00011960550660237884
HOUSETYPE_MODE_block_of_flats,0.00011922771702925069
PREV_PRODUCT_COMBINATION_POS_household_without_interest_MEAN,0.00011904130284875381
PREV_NAME_GOODS_CATEGORY_Homewares_MEAN,0.00011587625878666538
PREV_NAME_GOODS_CATEGORY_Furniture_MEAN,0.00011422377367132222
ACTIVE_MONTHS_BALANCE_MAX_MAX,0.00011275103561492143
PREV_NAME_PAYMENT_TYPE_XNA_MEAN,0.00011140163702557399
CC_NAME_CONTRACT_STATUS_Sent_proposal_MIN,0.00011066746873657367
PREV_NAME_PAYMENT_TYPE_Non-cash_from_your_account_MEAN,0.00011026895327498596
PREV_CHANNEL_TYPE_Channel_of_corporate_sales_MEAN,0.00010903161198797151
PREV_DAYS_DECISION_MAX,0.00010779100194406062
BURO_AMT_ANNUITY_MAX,0.00010711471206326964
CC_NAME_CONTRACT_STATUS_Signed_VAR,0.0001066698302608179
PREV_CHANNEL_TYPE_Credit_and_cash_offices_MEAN,0.00010636791231405338
ORGANIZATION_TYPE_Industry_type_9,0.00010565735164109456
CC_AMT_RECIVABLE_MAX,0.0001002834453859879
PREV_CODE_REJECT_REASON_VERIF_MEAN,9.693222426316209e-05
EMERGENCYSTATE_MODE_Yes,9.661210860803586e-05
CC_NAME_CONTRACT_STATUS_Refused_VAR,9.386673475172876e-05
PREV_NAME_PRODUCT_TYPE_walk-in_MEAN,9.25711043939989e-05
NAME_TYPE_SUITE_Spouse_partner,9.062177164785356e-05
OCCUPATION_TYPE_Waiters_barmen_staff,8.725182820645038e-05
INCOME_PER_PERSON,8.560307028367013e-05
PREV_CODE_REJECT_REASON_HC_MEAN,8.452218181046539e-05
PREV_CHANNEL_TYPE_Regional_Local_MEAN,8.045172738141062e-05
BURO_AMT_CREDIT_SUM_SUM,7.796433641978689e-05
BURO_DAYS_CREDIT_ENDDATE_MAX,7.627564467822862e-05
BURO_AMT_CREDIT_SUM_LIMIT_MEAN,7.33335809193817e-05
PREV_NAME_CONTRACT_STATUS_Unused_offer_MEAN,7.260647354190991e-05
ORGANIZATION_TYPE_Business_Entity_Type_3,7.180320264076794e-05
ORGANIZATION_TYPE_Kindergarten,7.051625232891045e-05
PREV_HOUR_APPR_PROCESS_START_MEAN,6.864859825543335e-05
ORGANIZATION_TYPE_Trade_type_1,6.70463634140972e-05
POS_SK_DPD_MAX,6.427277356634649e-05
BURO_CREDIT_DAY_OVERDUE_MAX,6.384390750532233e-05
ACTIVE_DAYS_CREDIT_MAX,6.252452686816212e-05
CNT_CHILDREN_encoded_797,5.757962497039526e-05
PREV_NAME_GOODS_CATEGORY_Animals_MEAN,5.672832611526659e-05
ORGANIZATION_TYPE_Other,5.50868037939359e-05
FLAG_DOCUMENT_5,5.393955847976692e-05
INSTAL_AMT_PAYMENT_SUM,5.270477387496679e-05
BURO_AMT_ANNUITY_MEAN,5.193083192388631e-05
BURO_CREDIT_DAY_OVERDUE_MEAN,5.19085284977513e-05
ORGANIZATION_TYPE_Industry_type_8,5.0622928295519966e-05
NAME_TYPE_SUITE_Other_B,5.0387974756495955e-05
CC_NAME_CONTRACT_STATUS_Active_VAR,4.9416705309528076e-05
CC_SK_DPD_DEF_MAX,4.80679504797318e-05
LIVINGAPARTMENTS_MODE,4.389046211696112e-05
CC_NAME_CONTRACT_STATUS_Refused_MIN,4.335554350638096e-05
NONLIVINGAREA_AVG,4.2862159014306e-05
PREV_NAME_SELLER_INDUSTRY_XNA_MEAN,4.151433184562032e-05
PREV_NAME_PORTFOLIO_Cash_MEAN,4.1013832501277674e-05
PREV_NAME_CONTRACT_STATUS_Refused_MEAN,4.021410222698128e-05
ORGANIZATION_TYPE_Security,3.976581115951532e-05
CC_AMT_PAYMENT_CURRENT_MAX,3.9149143671754995e-05
CLOSED_AMT_CREDIT_MAX_OVERDUE_MEAN,3.879317935544422e-05
LIVINGAREA_MODE,3.757875201323181e-05
BURO_AMT_CREDIT_SUM_MEAN,3.6243968061244805e-05
PREV_NAME_GOODS_CATEGORY_Medical_Supplies_MEAN,3.550545635093381e-05
CC_NAME_CONTRACT_STATUS_Approved_MIN,3.3997879877213515e-05
PREV_CODE_REJECT_REASON_nan_MEAN,3.384694921104863e-05
BURO_CREDIT_TYPE_Car_loan_MEAN,3.29927928493565e-05
BURO_DAYS_CREDIT_VAR,3.2754111082426506e-05
ORGANIZATION_TYPE_Business_Entity_Type_1,3.269340678238848e-05
PREV_NAME_PAYMENT_TYPE_nan_MEAN,3.2629964308130196e-05
OCCUPATION_TYPE_Core_staff,3.1752535088859686e-05
ORGANIZATION_TYPE_Cleaning,3.167670753278609e-05
NAME_FAMILY_STATUS_Civil_marriage,3.0139331596518836e-05
PREV_NAME_GOODS_CATEGORY_Weapon_MEAN,2.9484011011211925e-05
PREV_CODE_REJECT_REASON_SYSTEM_MEAN,2.8623818092584995e-05
BURO_AMT_CREDIT_SUM_OVERDUE_MEAN,2.776977937557663e-05
PREV_RATE_DOWN_PAYMENT_MEAN,2.737979419652786e-05
AMT_CREDIT_encoded_799,2.4461423780743372e-05
PREV_CODE_REJECT_REASON_SCO_MEAN,2.4198617813595338e-05
ORGANIZATION_TYPE_Legal_Services,2.2224745882814547e-05
APPROVED_AMT_ANNUITY_MIN,2.1330554785201405e-05
WEEKDAY_APPR_PROCESS_START_TUESDAY,1.9108540449668956e-05
ORGANIZATION_TYPE_Industry_type_4,1.7199848167536743e-05
ORGANIZATION_TYPE_Postal,1.6099051274058922e-05
ACTIVE_DAYS_CREDIT_MIN,1.2682802595858565e-05
CC_AMT_RECEIVABLE_PRINCIPAL_VAR,1.2555168210467778e-05
ACTIVE_AMT_CREDIT_SUM_SUM,1.1866569231270984e-05
CC_SK_DPD_MAX,1.1589369869428532e-05
ORGANIZATION_TYPE_Self-employed,1.0684408909721667e-05
PREV_NAME_CASH_LOAN_PURPOSE_nan_MEAN,1.0245656151699854e-05
FONDKAPREMONT_MODE_reg_oper_spec_account,9.648023872310964e-06
WALLSMATERIAL_MODE_Panel,7.927704406660687e-06
PREV_NAME_PAYMENT_TYPE_Cash_through_the_bank_MEAN,6.487240816855714e-06
ENTRANCES_MODE,6.11017769780694e-06
ORGANIZATION_TYPE_Restaurant,0.0
ORGANIZATION_TYPE_University,0.0
DAYS_ID_PUBLISH,0.0
ORGANIZATION_TYPE_Mobile,0.0
FLAG_OWN_REALTY_encoded_796,0.0
REGION_POPULATION_RELATIVE_encoded_802,0.0
FLAG_OWN_CAR_encoded_795,0.0
ORGANIZATION_TYPE_Religion,0.0
HOUSETYPE_MODE_terraced_house,0.0
ORGANIZATION_TYPE_Industry_type_12,0.0
DAYS_REGISTRATION,0.0
ORGANIZATION_TYPE_School,0.0
CC_CNT_INSTALMENT_MATURE_CUM_MAX,0.0
CLOSED_AMT_CREDIT_SUM_MAX,0.0
CC_CNT_INSTALMENT_MATURE_CUM_SUM,0.0
ORGANIZATION_TYPE_Security_Ministries,0.0
CC_SK_DPD_MIN,0.0
ORGANIZATION_TYPE_Military,0.0
AMT_GOODS_PRICE_encoded_801,0.0
ORGANIZATION_TYPE_Medicine,0.0
AMT_INCOME_TOTAL_encoded_798,0.0
ORGANIZATION_TYPE_Industry_type_2,0.0
ORGANIZATION_TYPE_Industry_type_11,0.0
FLAG_PHONE,0.0
PREV_APP_CREDIT_PERC_MEAN,0.0
PREV_APP_CREDIT_PERC_MAX,0.0
FLAG_CONT_MOBILE,0.0
FLAG_WORK_PHONE,0.0
FLAG_EMP_PHONE,0.0
FLAG_MOBIL,0.0
CC_CNT_DRAWINGS_CURRENT_MAX,0.0
BURO_DAYS_CREDIT_ENDDATE_MEAN,0.0
AMT_ANNUITY_encoded_800,0.0
ORGANIZATION_TYPE_Government,0.0
ORGANIZATION_TYPE_Electricity,0.0
OWN_CAR_AGE,0.0
CC_NAME_CONTRACT_STATUS_nan_SUM,0.0
DAYS_EMPLOYED,0.0
CC_NAME_CONTRACT_STATUS_nan_MEAN,0.0
CNT_CHILDREN,0.0
ACTIVE_AMT_CREDIT_SUM_MAX,0.0
ACTIVE_AMT_CREDIT_MAX_OVERDUE_MEAN,0.0
ACTIVE_CREDIT_DAY_OVERDUE_MEAN,0.0
CC_NAME_CONTRACT_STATUS_Refused_MAX,0.0
CC_NAME_CONTRACT_STATUS_Refused_MEAN,0.0
ORGANIZATION_TYPE_Transport_type_1,0.0
ORGANIZATION_TYPE_Transport_type_2,0.0
CC_COUNT,0.0
ACTIVE_DAYS_CREDIT_ENDDATE_MEAN,0.0
ORGANIZATION_TYPE_Transport_type_3,0.0
DAYS_BIRTH,0.0
ACTIVE_DAYS_CREDIT_VAR,0.0
CC_NAME_CONTRACT_STATUS_Sent_proposal_VAR,0.0
CC_NAME_CONTRACT_STATUS_Signed_MIN,0.0
CC_NAME_CONTRACT_STATUS_Signed_MAX,0.0
ACTIVE_DAYS_CREDIT_MEAN,0.0
CC_NAME_CONTRACT_STATUS_nan_VAR,0.0
BURO_STATUS_X_MEAN_MEAN,0.0
CC_NAME_CONTRACT_STATUS_nan_MIN,0.0
CC_NAME_CONTRACT_STATUS_nan_MAX,0.0
CC_NAME_CONTRACT_STATUS_Demand_MEAN,0.0
CC_NAME_CONTRACT_STATUS_Demand_MAX,0.0
ACTIVE_AMT_CREDIT_SUM_MEAN,0.0
ORGANIZATION_TYPE_Trade_type_7,0.0
REGION_POPULATION_RELATIVE,0.0
ORGANIZATION_TYPE_Services,0.0
ORGANIZATION_TYPE_Telecom,0.0
AMT_GOODS_PRICE,0.0
AMT_ANNUITY,0.0
WALLSMATERIAL_MODE_Mixed,0.0
CC_NAME_CONTRACT_STATUS_Active_MAX,0.0
BURO_STATUS_4_MEAN_MEAN,0.0
CC_NAME_CONTRACT_STATUS_Active_MEAN,0.0
ORGANIZATION_TYPE_Trade_type_2,0.0
ORGANIZATION_TYPE_Trade_type_3,0.0
CLOSED_DAYS_CREDIT_MAX,0.0
ORGANIZATION_TYPE_Trade_type_4,0.0
ACTIVE_AMT_CREDIT_SUM_LIMIT_SUM,0.0
ACTIVE_AMT_CREDIT_SUM_LIMIT_MEAN,0.0
ACTIVE_AMT_CREDIT_SUM_OVERDUE_MEAN,0.0
ORGANIZATION_TYPE_Trade_type_6,0.0
ACTIVE_AMT_CREDIT_SUM_DEBT_MEAN,0.0
AMT_INCOME_TOTAL,0.0
AMT_CREDIT,0.0
NAME_INCOME_TYPE_Unemployed,0.0
CC_AMT_RECEIVABLE_PRINCIPAL_MAX,0.0
BURO_AMT_CREDIT_SUM_DEBT_MEAN,0.0
FLAG_DOCUMENT_20,0.0
ANNUITY_INCOME_PERC,0.0
FLAG_DOCUMENT_17,0.0
PREV_PRODUCT_COMBINATION_Cash_MEAN,0.0
PREV_PRODUCT_COMBINATION_Card_Street_MEAN,0.0
OCCUPATION_TYPE_HR_staff,0.0
PREV_NAME_YIELD_GROUP_low_action_MEAN,0.0
OCCUPATION_TYPE_High_skill_tech_staff,0.0
PREV_NAME_SELLER_INDUSTRY_MLM_partners_MEAN,0.0
PREV_NAME_SELLER_INDUSTRY_Industry_MEAN,0.0
PREV_NAME_SELLER_INDUSTRY_Consumer_electronics_MEAN,0.0
PREV_CHANNEL_TYPE_Country-wide_MEAN,0.0
PREV_CHANNEL_TYPE_Contact_center_MEAN,0.0
PREV_CHANNEL_TYPE_Car_dealer_MEAN,0.0
INCOME_CREDIT_PERC,0.0
PREV_NAME_PRODUCT_TYPE_nan_MEAN,0.0
PREV_NAME_PRODUCT_TYPE_x-sell_MEAN,0.0
PREV_NAME_PORTFOLIO_Cards_MEAN,0.0
BURO_AMT_CREDIT_SUM_DEBT_SUM,0.0
INSTAL_AMT_INSTALMENT_SUM,0.0
PREV_NAME_GOODS_CATEGORY_nan_MEAN,0.0
OCCUPATION_TYPE_Drivers,0.0
PAYMENT_RATE,0.0
PREV_PRODUCT_COMBINATION_POS_household_with_interest_MEAN,0.0
NAME_HOUSING_TYPE_Rented_apartment,0.0
NAME_EDUCATION_TYPE_Higher_education,0.0
NAME_INCOME_TYPE_State_servant,0.0
NAME_EDUCATION_TYPE_Lower_secondary,0.0
NAME_EDUCATION_TYPE_Secondary_secondary_special,0.0
NAME_INCOME_TYPE_Maternity_leave,0.0
NAME_INCOME_TYPE_Commercial_associate,0.0
NAME_TYPE_SUITE_Unaccompanied,0.0
APPROVED_DAYS_DECISION_MEAN,0.0
NAME_HOUSING_TYPE_Municipal_apartment,0.0
NAME_TYPE_SUITE_Other_A,0.0
BURO_DAYS_CREDIT_MIN,0.0
NAME_HOUSING_TYPE_With_parents,0.0
APPROVED_APP_CREDIT_PERC_MIN,0.0
OCCUPATION_TYPE_Accountants,0.0
NAME_TYPE_SUITE_Group_of_people,0.0
BURO_DAYS_CREDIT_MEAN,0.0
OCCUPATION_TYPE_Cleaning_staff,0.0
APPROVED_AMT_APPLICATION_MIN,0.0
APPROVED_AMT_ANNUITY_MAX,0.0
PREV_PRODUCT_COMBINATION_nan_MEAN,0.0
INSTAL_AMT_PAYMENT_MAX,0.0
PREV_NAME_GOODS_CATEGORY_XNA_MEAN,0.0
BURO_DAYS_CREDIT_UPDATE_MEAN,0.0
OCCUPATION_TYPE_IT_staff,0.0
REG_CITY_NOT_WORK_CITY,0.0
CC_AMT_DRAWINGS_OTHER_CURRENT_MEAN,0.0
REG_CITY_NOT_LIVE_CITY,0.0
LIVE_REGION_NOT_WORK_REGION,0.0
BURO_AMT_CREDIT_MAX_OVERDUE_MEAN,0.0
PREV_NAME_CONTRACT_STATUS_nan_MEAN,0.0
REG_REGION_NOT_WORK_REGION,0.0
REG_REGION_NOT_LIVE_REGION,0.0
PREV_NAME_CONTRACT_STATUS_Canceled_MEAN,0.0
PREV_NAME_CONTRACT_STATUS_Approved_MEAN,0.0
HOUR_APPR_PROCESS_START,0.0
REGION_RATING_CLIENT_W_CITY,0.0
REGION_RATING_CLIENT,0.0
PREV_NAME_CASH_LOAN_PURPOSE_XNA_MEAN,0.0
CNT_FAM_MEMBERS,0.0
FLAG_EMAIL,0.0
PREV_NAME_CASH_LOAN_PURPOSE_Other_MEAN,0.0
PREV_NAME_CASH_LOAN_PURPOSE_Money_for_a_third_person_MEAN,0.0
NAME_INCOME_TYPE_Working,0.0
WEEKDAY_APPR_PROCESS_START_SUNDAY,0.0
WALLSMATERIAL_MODE_Monolithic,0.0
BURO_AMT_CREDIT_SUM_MAX,0.0
PREV_NAME_PAYMENT_TYPE_Cashless_from_the_account_of_the_employer_MEAN,0.0
LIVINGAPARTMENTS_AVG,0.0
PREV_NAME_GOODS_CATEGORY_Computers_MEAN,0.0
INSTAL_DAYS_ENTRY_PAYMENT_SUM,0.0
INSTAL_COUNT,0.0
CC_MONTHS_BALANCE_MIN,0.0
DAYS_EMPLOYED_PERC,0.0
OCCUPATION_TYPE_Low-skill_Laborers,0.0
PREV_NAME_GOODS_CATEGORY_House_Construction_MEAN,0.0
EMERGENCYSTATE_MODE_No,0.0
BURO_AMT_CREDIT_SUM_DEBT_MAX,0.0
PREV_NAME_GOODS_CATEGORY_Fitness_MEAN,0.0
PREV_NAME_GOODS_CATEGORY_Clothing_and_Accessories_MEAN,0.0
PREV_CODE_REJECT_REASON_CLIENT_MEAN,0.0
PREV_NAME_CLIENT_TYPE_nan_MEAN,0.0
OCCUPATION_TYPE_Managers,0.0
PREV_NAME_TYPE_SUITE_nan_MEAN,0.0
FLOORSMIN_MODE,0.0
PREV_NAME_TYPE_SUITE_Other_B_MEAN,0.0
PREV_NAME_TYPE_SUITE_Family_MEAN,0.0
PREV_NAME_TYPE_SUITE_Children_MEAN,0.0
PREV_CODE_REJECT_REASON_XAP_MEAN,0.0
PREV_CODE_REJECT_REASON_SCOFR_MEAN,0.0
WEEKDAY_APPR_PROCESS_START_MONDAY,0.0
